{"stop_early": false, "early_stopping_step": 0, "early_stopping_best_val": 100000000.0, "early_stopping_criteria": 5, "learning_rate": 0.001, "epoch_index": 19, "train_loss": [2.7311420838038134, 2.331127641598384, 2.109863762060801, 1.9976654897133503, 1.925373446941376, 1.863983939091364, 1.8179234246412908, 1.7877895841995872, 1.75428082048893, 1.721058354775111, 1.70144301156203, 1.672199013829231, 1.6530189643303554, 1.6183818449576688, 1.6040229111909865, 1.5723783314228048, 1.5628670811653125, 1.5374649365743005, 1.5284818515181544, 1.4858115394910174], "train_acc": [30.15625, 37.31770833333334, 37.7734375, 37.8515625, 39.401041666666686, 39.30989583333335, 40.35156250000003, 41.39322916666667, 41.10677083333332, 42.81250000000001, 41.84895833333332, 43.30729166666665, 43.54166666666668, 43.56770833333331, 43.95833333333332, 44.75260416666665, 45.03906249999999, 45.79427083333332, 45.85937500000001, 46.744791666666664], "val_loss": [2.537762842178345, 2.25367015838623, 2.126315655708313, 2.082056074142456, 2.0268229532241824, 1.982700233459473, 1.9589439392089847, 1.9434508657455445, 1.9236609792709352, 1.9467738151550293, 1.9010763931274415, 1.8931147813796996, 1.870158157348633, 1.8641829442977904, 1.8649648237228393, 1.8509204387664795, 1.821631932258606, 1.8550101137161255, 1.8264456844329833, 1.8123777151107787], "val_acc": [37.0625, 35.3125, 36.125, 35.374999999999986, 35.5, 36.875000000000014, 38.50000000000002, 38.3125, 41.18749999999999, 40.0, 41.875, 39.625000000000014, 42.74999999999999, 39.99999999999999, 40.56250000000001, 39.43749999999999, 42.1875, 40.87499999999999, 43.375, 41.74999999999999], "test_loss": 1.8767471170425414, "test_acc": 41.31249999999999, "model_filename": "names/model.pth"}